{
  "par": "DOGEUSDT",
  "timestamp": "20250702_154753",
  "analisis_basico": {
    "precio": {
      "actual": 0.17029,
      "cambio_24h": 0.047616118117502285,
      "maximo_24h": 0.17268,
      "minimo_24h": 0.16184
    },
    "rsi": {
      "valor": 64.68297346201447,
      "estado": "Alcista"
    },
    "macd": {
      "macd": 0.0018995969089041498,
      "signal": 0.0022016960830223372,
      "divergencia": -0.00030209917411818743
    },
    "medias": {
      "sma_20": 0.169682,
      "sma_50": 0.1648086,
      "ema_12": 0.17034822664828825,
      "tendencia": "Alcista Fuerte"
    },
    "bollinger": {
      "upper": 0.17474359895685576,
      "lower": 0.16462040104314424,
      "posicion": "En zona media"
    },
    "volumen": {
      "actual": 1549943.0,
      "promedio_20": 21378360.7,
      "ratio": 0.07250055426373267,
      "interpretacion": "Bajo"
    },
    "score_tecnico": 60
  },
  "analisis_avanzado": {},
  "predicciones": {},
  "recomendaciones": {
    "se\u00f1al_principal": "COMPRA",
    "confianza": 0.48,
    "horizonte_optimo": "4h",
    "precio_objetivo": 0.1788045,
    "stop_loss": 0.1651813,
    "take_profit": 0.187319,
    "razonamiento": [
      "Tendencia alcista fuerte confirmada por medias m\u00f3viles",
      "MACD muestra momentum bajista",
      "Confirmado por an\u00e1lisis de Machine Learning"
    ]
  },
  "score_final": 50
}